<?xml version="1.0" encoding="UTF-8" standalone="yes"?>
<products>
    <product name="TRAMADOL HYDROCHLORIDE" price="516.48" seller="Nicole Harris"/>
    <product name="Allopurinol" price="518.50" seller="Jeremy Woods"/>
    <product name="equaline" price="520.45" seller="Joshua Murray"/>
    <product name="Prednisone" price="550.72" seller="Brandon Fuller"/>
    <product name="TERSI" price="554.91" seller="Betty Lawson"/>
    <product name="DAYWEAR PLUS MULTI PROTECTION TINTED MOISTURIZER" price="555.12" seller="Jacqueline Perez"/>
    <product name="Agaricus Equisetum Special Order" price="585.93" seller="null Stewart"/>
    <product name="Diastat" price="614.14" seller="Emily Parker"/>
    <product name="No7 Protect and Perfect Foundation Sunscreen Broad Spectrum SPF 15 Cool Ivory" price="616.19" seller="Patrick King"/>
    <product name="Glipizide" price="621.78" seller="Gloria Alexander"/>
    <product name="AMARANTHUS PALMERI POLLEN" price="623.16" seller="Carl Daniels"/>
    <product name="Childrens Allegra Allergy" price="650.97" seller="Fred Barnes"/>
    <product name="Strattera" price="658.54" seller="Anna Parker"/>
    <product name="ENBREL" price="673.97" seller="Ann Stevens"/>
    <product name="Ampicillin" price="674.63" seller="Paula Hill"/>
    <product name="PRIMAXIN" price="686.66"/>
    <product name="CLARINS Ever Matte SPF 15 - 105 Nude" price="696.06" seller="Diana Harvey"/>
    <product name="Acnezzol Base" price="710.60" seller="Gary Stevens"/>
    <product name="Pleo Lat" price="720.08" seller="Patricia Cooper"/>
    <product name="GOONG SECRET CALMING BATH" price="742.47" seller="Diana Harvey"/>
    <product name="Warfarin Sodium" price="770.05" seller="null Schmidt"/>
    <product name="Pollens - Weeds and Garden Plants, Nettle Urtica dioica" price="782.77" seller="null Peterson"/>
    <product name="Isosorbide Mononitrate" price="789.91" seller="Fred Allen"/>
    <product name="Clarins Paris Skin Illusion - 114 cappuccino" price="811.42" seller="Gary Stevens"/>
    <product name="LV-FX" price="820.87" seller="Betty Lawson"/>
    <product name="Aquafresh" price="849.93" seller="null Schmidt"/>
    <product name="Moore Medical Sinus Pain and Pressure Relief" price="855.39"/>
    <product name="Shopko Lip Treatment" price="861.42" seller="Anna Parker"/>
    <product name="Perrigo Benzoyl Peroxide" price="873.24" seller="Thomas Snyder"/>
    <product name="Levothyroxine Sodium" price="885.86" seller="Kathy Gilbert"/>
    <product name="EPZICOM" price="895.65" seller="Patricia Fuller"/>
    <product name="Myristica Argentum Sinus Relief" price="904.52" seller="Jeremy Woods"/>
    <product name="Care One Hemorrhoidal" price="932.18" seller="Betty Lawson"/>
    <product name="Spironolactone" price="933.69" seller="Jennifer Riley"/>
    <product name="Glipizide and Metformin Hydrochloride" price="953.60" seller="Thomas Snyder"/>
    <product name="Metformin Hydrochloride" price="953.99" seller="null Schmidt"/>
    <product name="NEO-POLY-BAC HYDRO" price="967.32" seller="Diana Harvey"/>
    <product name="Clearskin" price="968.59" seller="Brandon Fuller"/>
    <product name="Dawn Ultra Antibacterial Hand" price="969.86" seller="null Fox"/>
    <product name="Megestrol Acetate" price="976.15" seller="null Cunningham"/>
    <product name="Smooth texture Orange flavor" price="976.65" seller="Ann Stevens"/>
</products>
