<?xml version="1.0" encoding="UTF-8" standalone="yes"?>
<users count="48">
    <user first-name="Betty" last-name="Lawson" age="38">
        <sold-products count="7">
            <product name="Peter Island Continous sunscreen kids" price="471.30"/>
            <product name="Care One Hemorrhoidal" price="932.18"/>
            <product name="LV-FX" price="820.87"/>
            <product name="TERSI" price="554.91"/>
            <product name="Topex" price="1258.49"/>
            <product name="Carbon Dioxide Oxygen Mixture" price="95.49"/>
            <product name="MEDI-FIRST Non-Aspirin" price="1301.28"/>
        </sold-products>
    </user>
    <user first-name="Thomas" last-name="Snyder" age="40">
        <sold-products count="5">
            <product name="Glipizide and Metformin Hydrochloride" price="953.60"/>
            <product name="SEPHORA Acne-Fighting Mattifying Moisturizer" price="1019.28"/>
            <product name="Perrigo Benzoyl Peroxide" price="873.24"/>
            <product name="LANEIGE MYSTIC VEIL FOUNDATION" price="20.86"/>
            <product name="CD CAPTURE TOTALE Triple Correcting Serum Foundation Wrinkles-Dark Spots-Radiance with sunscreen Broad Spectrum SPF 25 010" price="77.23"/>
        </sold-products>
    </user>
    <user first-name="Paula" last-name="Hill" age="74">
        <sold-products count="4">
            <product name="Eszopiclone" price="405.03"/>
            <product name="Phenylephrine HCl" price="459.89"/>
            <product name="Ampicillin" price="674.63"/>
            <product name="Benazepril Hydrochloride and Hydrochlorothiazide" price="1187.27"/>
        </sold-products>
    </user>
    <user last-name="Schmidt" age="70">
        <sold-products count="4">
            <product name="Fexofenadine HCl and Pseudoephedrine HCI" price="73.07"/>
            <product name="Warfarin Sodium" price="770.05"/>
            <product name="Metformin Hydrochloride" price="953.99"/>
            <product name="Aquafresh" price="849.93"/>
        </sold-products>
    </user>
    <user first-name="Gloria" last-name="Alexander" age="61">
        <sold-products count="3">
            <product name="PredniSONE" price="286.43"/>
            <product name="Glipizide" price="621.78"/>
            <product name="Alternaria alternata" price="61.24"/>
        </sold-products>
    </user>
    <user first-name="Fred" last-name="Allen" age="57">
        <sold-products count="3">
            <product name="Isosorbide Mononitrate" price="789.91"/>
            <product name="Oxygen" price="1242.92"/>
            <product name="Budpak Hemorrhoid Anesthetic" price="1499.29"/>
        </sold-products>
    </user>
    <user first-name="Sarah" last-name="Day" age="33">
        <sold-products count="3">
            <product name="SNORING HP" price="53.59"/>
            <product name="smart sense nighttime cold and flu relief" price="1101.77"/>
            <product name="H-Rosacea Formula" price="99.74"/>
        </sold-products>
    </user>
    <user first-name="Brandon" last-name="Fuller" age="30">
        <sold-products count="3">
            <product name="CHAMOMILLA" price="37.97"/>
            <product name="Clearskin" price="968.59"/>
            <product name="Prednisone" price="550.72"/>
        </sold-products>
    </user>
    <user first-name="Patricia" last-name="Fuller" age="36">
        <sold-products count="3">
            <product name="Topical 60 Sec Sodium Fluoride" price="1228.84"/>
            <product name="EPZICOM" price="895.65"/>
            <product name="Leg Cramp Relief" price="1345.69"/>
        </sold-products>
    </user>
    <user first-name="Kathy" last-name="Gilbert" age="51">
        <sold-products count="3">
            <product name="Nighttime Sleep Aid" price="1217.11"/>
            <product name="ERYTHROMYCIN Base Filmtab" price="117.84"/>
            <product name="Levothyroxine Sodium" price="885.86"/>
        </sold-products>
    </user>
    <user first-name="Nicole" last-name="Harris" age="43">
        <sold-products count="3">
            <product name="Leflunomide" price="312.85"/>
            <product name="Lorazepam" price="1134.96"/>
            <product name="TRAMADOL HYDROCHLORIDE" price="516.48"/>
        </sold-products>
    </user>
    <user last-name="Harrison" age="18">
        <sold-products count="3">
            <product name="ROPINIROLE HYDROCHLORIDE" price="266.44"/>
            <product name="Warfarin Sodium" price="1379.79"/>
            <product name="Buprenorphine hydrochloride and naloxone hydrochloride dihydrate" price="293.33"/>
        </sold-products>
    </user>
    <user first-name="Diana" last-name="Harvey" age="46">
        <sold-products count="3">
            <product name="CLARINS Ever Matte SPF 15 - 105 Nude" price="696.06"/>
            <product name="NEO-POLY-BAC HYDRO" price="967.32"/>
            <product name="GOONG SECRET CALMING BATH" price="742.47"/>
        </sold-products>
    </user>
    <user first-name="Emily" last-name="Parker" age="41">
        <sold-products count="3">
            <product name="Diastat" price="614.14"/>
            <product name="cough and sore throat" price="1482.68"/>
            <product name="Finasteride" price="1374.01"/>
        </sold-products>
    </user>
    <user first-name="Jacqueline" last-name="Perez" age="25">
        <sold-products count="3">
            <product name="Metaxalone" price="79.94"/>
            <product name="Acetic Acid" price="1060.43"/>
            <product name="DAYWEAR PLUS MULTI PROTECTION TINTED MOISTURIZER" price="555.12"/>
        </sold-products>
    </user>
    <user first-name="Gary" last-name="Stevens" age="0">
        <sold-products count="3">
            <product name="Clarins Paris Skin Illusion - 114 cappuccino" price="811.42"/>
            <product name="MEDICATED DANDRUFF" price="1351.02"/>
            <product name="Acnezzol Base" price="710.60"/>
        </sold-products>
    </user>
    <user last-name="Bennett" age="0">
        <sold-products count="2">
            <product name="XANTHIUM STRUMARIUM VAR CANADENSE POLLEN" price="1091.38"/>
            <product name="BareMinerals Golden Tan matte" price="110.93"/>
        </sold-products>
    </user>
    <user first-name="Anna" last-name="Clark" age="41">
        <sold-products count="2">
            <product name="Ringers" price="1054.37"/>
            <product name="Cold and Cough" price="218.14"/>
        </sold-products>
    </user>
    <user first-name="Patricia" last-name="Cooper" age="72">
        <sold-products count="2">
            <product name="Pleo Lat" price="720.08"/>
            <product name="ENALAPRIL MALEATE" price="210.42"/>
        </sold-products>
    </user>
    <user last-name="Cunningham" age="0">
        <sold-products count="2">
            <product name="Megestrol Acetate" price="976.15"/>
            <product name="Etomidate" price="393.94"/>
        </sold-products>
    </user>
    <user first-name="Carl" last-name="Daniels" age="59">
        <sold-products count="2">
            <product name="REYATAZ" price="41.97"/>
            <product name="AMARANTHUS PALMERI POLLEN" price="623.16"/>
        </sold-products>
    </user>
    <user first-name="Clarence" last-name="Fowler" age="50">
        <sold-products count="2">
            <product name="Almond" price="367.32"/>
            <product name="Burn Jel" price="209.57"/>
        </sold-products>
    </user>
    <user first-name="Bonnie" last-name="Fox" age="18">
        <sold-products count="2">
            <product name="CVS Therapeutic Menthol Pain Reliever" price="1033.42"/>
            <product name="Glyburide" price="95.10"/>
        </sold-products>
    </user>
    <user first-name="Amanda" last-name="Frazier" age="0">
        <sold-products count="2">
            <product name="Wintergreen Isopropyl Alcohol" price="1397.57"/>
            <product name="CEDAX" price="342.86"/>
        </sold-products>
    </user>
    <user first-name="Jean" last-name="Henry" age="0">
        <sold-products count="2">
            <product name="Amlodipine Besylate" price="122.57"/>
            <product name="LBEL Couleur Luxe Rouge Amplifier XP amplifying SPF 15" price="1069.43"/>
        </sold-products>
    </user>
    <user first-name="Brenda" last-name="Howell" age="75">
        <sold-products count="2">
            <product name="PANTOPRAZOLE SODIUM" price="293.89"/>
            <product name="MOIST MOISTURE SKIN TONER" price="152.43"/>
        </sold-products>
    </user>
    <user first-name="Joshua" last-name="Murray" age="41">
        <sold-products count="2">
            <product name="equaline" price="520.45"/>
            <product name="Etoposide" price="1483.96"/>
        </sold-products>
    </user>
    <user first-name="Anna" last-name="Parker" age="56">
        <sold-products count="2">
            <product name="Shopko Lip Treatment" price="861.42"/>
            <product name="Strattera" price="658.54"/>
        </sold-products>
    </user>
    <user last-name="Peterson" age="72">
        <sold-products count="2">
            <product name="Pollens - Weeds and Garden Plants, Nettle Urtica dioica" price="782.77"/>
            <product name="EMEND" price="1365.51"/>
        </sold-products>
    </user>
    <user first-name="Jennifer" last-name="Riley" age="0">
        <sold-products count="2">
            <product name="Flumazenil" price="1151.37"/>
            <product name="Spironolactone" price="933.69"/>
        </sold-products>
    </user>
    <user first-name="Jonathan" last-name="Rodriguez" age="0">
        <sold-products count="2">
            <product name="Lamotrigine Extended Release" price="245.63"/>
            <product name="DIVALPROEX SODIUM" price="1287.03"/>
        </sold-products>
    </user>
    <user first-name="Ann" last-name="Stevens" age="0">
        <sold-products count="2">
            <product name="Smooth texture Orange flavor" price="976.65"/>
            <product name="ENBREL" price="673.97"/>
        </sold-products>
    </user>
    <user first-name="Marie" last-name="Williamson" age="0">
        <sold-products count="2">
            <product name="IOPE RETIGEN MOISTURE TWIN CAKE NO.21" price="1257.71"/>
            <product name="ORCHID SECRET PACT" price="59.53"/>
        </sold-products>
    </user>
    <user first-name="Jeremy" last-name="Woods" age="20">
        <sold-products count="2">
            <product name="Allopurinol" price="518.50"/>
            <product name="Myristica Argentum Sinus Relief" price="904.52"/>
        </sold-products>
    </user>
    <user first-name="Fred" last-name="Barnes" age="0">
        <sold-products count="1">
            <product name="Childrens Allegra Allergy" price="650.97"/>
        </sold-products>
    </user>
    <user last-name="Fox" age="68">
        <sold-products count="1">
            <product name="Dawn Ultra Antibacterial Hand" price="969.86"/>
        </sold-products>
    </user>
    <user first-name="Christine" last-name="Gomez" age="28">
        <sold-products count="1">
            <product name="U-max Multi BB" price="137.16"/>
        </sold-products>
    </user>
    <user first-name="Wanda" last-name="Harris" age="26">
        <sold-products count="1">
            <product name="Enalapril Maleate" price="72.71"/>
        </sold-products>
    </user>
    <user first-name="Rachel" last-name="Johnson" age="24">
        <sold-products count="1">
            <product name="Allergena" price="109.32"/>
        </sold-products>
    </user>
    <user first-name="Patrick" last-name="King" age="0">
        <sold-products count="1">
            <product name="No7 Protect and Perfect Foundation Sunscreen Broad Spectrum SPF 15 Cool Ivory" price="616.19"/>
        </sold-products>
    </user>
    <user last-name="Lawson" age="19">
        <sold-products count="1">
            <product name="ESIKA 3-IN-1 PRO MAKE UP FOUNDATION SPF 20 BASE DE MAQUILLAJE PARA ROSTRO 3-EN-1 PRO FPS 20" price="1097.60"/>
        </sold-products>
    </user>
    <user first-name="Nicole" last-name="Martinez" age="28">
        <sold-products count="1">
            <product name="Zonisamide" price="1305.41"/>
        </sold-products>
    </user>
    <user last-name="Mitchell" age="41">
        <sold-products count="1">
            <product name="kirkland signature minoxidil" price="49.17"/>
        </sold-products>
    </user>
    <user last-name="Moreno" age="37">
        <sold-products count="1">
            <product name="Alcohol Free Antiseptic" price="1486.07"/>
        </sold-products>
    </user>
    <user first-name="Arthur" last-name="Reynolds" age="32">
        <sold-products count="1">
            <product name="Gilotrif" price="1454.77"/>
        </sold-products>
    </user>
    <user first-name="Sandra" last-name="Riley" age="74">
        <sold-products count="1">
            <product name="Head and Shoulders Conditioner" price="1099.59"/>
        </sold-products>
    </user>
    <user last-name="Stewart" age="39">
        <sold-products count="1">
            <product name="Agaricus Equisetum Special Order" price="585.93"/>
        </sold-products>
    </user>
    <user first-name="Eugene" last-name="Stewart" age="65">
        <sold-products count="1">
            <product name="Fosphenytoin Sodium" price="1334.06"/>
        </sold-products>
    </user>
</users>
