<?xml version="1.0" encoding="UTF-8" standalone="yes"?>
<sales>
    <sale>
        <car make="Peugeot" model="405" travelled-distance="92036854775807"/>
        <customer-name>Cinthia Lasala</customer-name>
        <discount>0.05</discount>
        <price>140.99</price>
        <price-with-discount>133.9405</price-with-discount>
    </sale>
    <sale>
        <car make="Alfa Romeo" model="Alfetta" travelled-distance="92233720775807"/>
        <customer-name>Taina Achenbach</customer-name>
        <discount>0.0</discount>
        <price>201.91</price>
        <price-with-discount>201.910</price-with-discount>
    </sale>
    <sale>
        <car make="Ford" model="Taurus" travelled-distance="9223375807"/>
        <customer-name>Oren Perlman</customer-name>
        <discount>0.5</discount>
        <price>120.48</price>
        <price-with-discount>60.240</price-with-discount>
    </sale>
    <sale>
        <car make="Nissan" model="370Z" travelled-distance="2143647"/>
        <customer-name>Ann Mcenaney</customer-name>
        <discount>0.2</discount>
        <price>131.98</price>
        <price-with-discount>105.584</price-with-discount>
    </sale>
    <sale>
        <car make="Rolls-Royce" model="Phantom Drophead Coupé" travelled-distance="922336854775807"/>
        <customer-name>Ann Mcenaney</customer-name>
        <discount>0.2</discount>
        <price>100.66</price>
        <price-with-discount>80.528</price-with-discount>
    </sale>
    <sale>
        <car make="Chevy" model="Matiz" travelled-distance="922337203685807"/>
        <customer-name>Natalie Poli</customer-name>
        <discount>0.1</discount>
        <price>401.65</price>
        <price-with-discount>361.485</price-with-discount>
    </sale>
    <sale>
        <car make="Fiat" model="Panda 4x4 Antarctica" travelled-distance="214747"/>
        <customer-name>Natalie Poli</customer-name>
        <discount>0.2</discount>
        <price>211.98</price>
        <price-with-discount>169.584</price-with-discount>
    </sale>
    <sale>
        <car make="Toyota" model="Prius" travelled-distance="214747"/>
        <customer-name>Brett Brickley</customer-name>
        <discount>0.0</discount>
        <price>157.97</price>
        <price-with-discount>157.970</price-with-discount>
    </sale>
    <sale>
        <car make="Ferrari" model="Daytona" travelled-distance="2147447"/>
        <customer-name>Jimmy Grossi</customer-name>
        <discount>0.15</discount>
        <price>1068.33</price>
        <price-with-discount>908.0805</price-with-discount>
    </sale>
    <sale>
        <car make="Toyota" model="Tacoma" travelled-distance="927"/>
        <customer-name>Taina Achenbach</customer-name>
        <discount>0.2</discount>
        <price>201.89</price>
        <price-with-discount>161.512</price-with-discount>
    </sale>
    <sale>
        <car make="Opel" model="Corsa" travelled-distance="2147483647"/>
        <customer-name>Carri Knapik</customer-name>
        <discount>0.0</discount>
        <price>15.99</price>
        <price-with-discount>15.990</price-with-discount>
    </sale>
    <sale>
        <car make="Mercedes" model="W210" travelled-distance="2147483647"/>
        <customer-name>Marcelle Griego</customer-name>
        <discount>0.4</discount>
        <price>999.99</price>
        <price-with-discount>599.994</price-with-discount>
    </sale>
    <sale>
        <car make="Ferrari" model="F40" travelled-distance="2647"/>
        <customer-name>Sylvie Mcelravy</customer-name>
        <discount>0.2</discount>
        <price>143.98</price>
        <price-with-discount>115.184</price-with-discount>
    </sale>
    <sale>
        <car make="Opel" model="Corsa" travelled-distance="21474847"/>
        <customer-name>Marcelle Griego</customer-name>
        <discount>0.15</discount>
        <price>191.48</price>
        <price-with-discount>162.7580</price-with-discount>
    </sale>
    <sale>
        <car make="Toyota" model="Prius" travelled-distance="283647"/>
        <customer-name>Rema Revelle</customer-name>
        <discount>0.5</discount>
        <price>424.28</price>
        <price-with-discount>212.140</price-with-discount>
    </sale>
    <sale>
        <car make="Nissan" model="GT-R" travelled-distance="21473647"/>
        <customer-name>Nisha Markwell</customer-name>
        <discount>0.1</discount>
        <price>171.98</price>
        <price-with-discount>154.782</price-with-discount>
    </sale>
    <sale>
        <car make="Ferrari" model="250 GTO" travelled-distance="214747"/>
        <customer-name>Francis Mckim</customer-name>
        <discount>0.1</discount>
        <price>241.24</price>
        <price-with-discount>217.116</price-with-discount>
    </sale>
    <sale>
        <car make="Ferrari" model="250 GTO" travelled-distance="2183647"/>
        <customer-name>Kristian Engberg</customer-name>
        <discount>0.1</discount>
        <price>144.99</price>
        <price-with-discount>130.491</price-with-discount>
    </sale>
    <sale>
        <car make="Mercedes" model="W212" travelled-distance="2147647"/>
        <customer-name>Faustina Burgher</customer-name>
        <discount>0.4</discount>
        <price>1104.33</price>
        <price-with-discount>662.598</price-with-discount>
    </sale>
    <sale>
        <car make="Ford" model="Ranger" travelled-distance="9223372007"/>
        <customer-name>Garret Capron</customer-name>
        <discount>0.05</discount>
        <price>106.36</price>
        <price-with-discount>101.0420</price-with-discount>
    </sale>
    <sale>
        <car make="Nissan" model="Altima" travelled-distance="2147483647"/>
        <customer-name>Natalie Poli</customer-name>
        <discount>0.05</discount>
        <price>1700.63</price>
        <price-with-discount>1615.5985</price-with-discount>
    </sale>
    <sale>
        <car make="Toyota" model="Prius" travelled-distance="283647"/>
        <customer-name>Johnette Derryberry</customer-name>
        <discount>0.15</discount>
        <price>424.28</price>
        <price-with-discount>360.6380</price-with-discount>
    </sale>
    <sale>
        <car make="Mercedes" model="W212" travelled-distance="2183647"/>
        <customer-name>Oren Perlman</customer-name>
        <discount>0.2</discount>
        <price>300.99</price>
        <price-with-discount>240.792</price-with-discount>
    </sale>
    <sale>
        <car make="Mercedes" model="A 160" travelled-distance="9223372036"/>
        <customer-name>Sylvie Mcelravy</customer-name>
        <discount>0.4</discount>
        <price>100.55</price>
        <price-with-discount>60.330</price-with-discount>
    </sale>
    <sale>
        <car make="Nissan" model="370Z" travelled-distance="21447"/>
        <customer-name>Nisha Markwell</customer-name>
        <discount>0.15</discount>
        <price>201.97</price>
        <price-with-discount>171.6745</price-with-discount>
    </sale>
    <sale>
        <car make="BMW" model="X6 M" travelled-distance="483647"/>
        <customer-name>Jimmy Grossi</customer-name>
        <discount>0.3</discount>
        <price>82.99</price>
        <price-with-discount>58.093</price-with-discount>
    </sale>
    <sale>
        <car make="Ferrari" model="F40" travelled-distance="214647"/>
        <customer-name>Yvonne Mccalla</customer-name>
        <discount>0.0</discount>
        <price>100.91</price>
        <price-with-discount>100.910</price-with-discount>
    </sale>
    <sale>
        <car make="Ford" model="Taurus" travelled-distance="21473647"/>
        <customer-name>Marcelle Griego</customer-name>
        <discount>0.5</discount>
        <price>241.98</price>
        <price-with-discount>120.990</price-with-discount>
    </sale>
    <sale>
        <car make="BMW" model="E88" travelled-distance="200000"/>
        <customer-name>Oren Perlman</customer-name>
        <discount>0.5</discount>
        <price>313.99</price>
        <price-with-discount>156.995</price-with-discount>
    </sale>
    <sale>
        <car make="Mercedes" model="W212" travelled-distance="927"/>
        <customer-name>Francis Mckim</customer-name>
        <discount>0.3</discount>
        <price>1100.98</price>
        <price-with-discount>770.686</price-with-discount>
    </sale>
    <sale>
        <car make="BMW" model="M6 E63" travelled-distance="214747"/>
        <customer-name>Hipolito Lamoreaux</customer-name>
        <discount>0.15</discount>
        <price>144.99</price>
        <price-with-discount>123.2415</price-with-discount>
    </sale>
    <sale>
        <car make="Ford" model="Pinto" travelled-distance="922337203"/>
        <customer-name>Garret Capron</customer-name>
        <discount>0.05</discount>
        <price>644.42</price>
        <price-with-discount>612.1990</price-with-discount>
    </sale>
    <sale>
        <car make="Fiat" model="Panda 4x4" travelled-distance="2147447"/>
        <customer-name>Cinthia Lasala</customer-name>
        <discount>0.3</discount>
        <price>100.99</price>
        <price-with-discount>70.693</price-with-discount>
    </sale>
    <sale>
        <car make="Toyota" model="Tacoma" travelled-distance="96854775807"/>
        <customer-name>Marcelle Griego</customer-name>
        <discount>0.0</discount>
        <price>100.99</price>
        <price-with-discount>100.990</price-with-discount>
    </sale>
    <sale>
        <car make="Fiat" model="500 (2007) Abarth 695 Tributo Maserati" travelled-distance="214747"/>
        <customer-name>Natalie Poli</customer-name>
        <discount>0.4</discount>
        <price>149.98</price>
        <price-with-discount>89.988</price-with-discount>
    </sale>
    <sale>
        <car make="Chevy" model="Cruze" travelled-distance="92775807"/>
        <customer-name>Louann Holzworth</customer-name>
        <discount>0.5</discount>
        <price>106.99</price>
        <price-with-discount>53.495</price-with-discount>
    </sale>
    <sale>
        <car make="Opel" model="Omega" travelled-distance="2147483647"/>
        <customer-name>Natalie Poli</customer-name>
        <discount>0.1</discount>
        <price>181.89</price>
        <price-with-discount>163.701</price-with-discount>
    </sale>
    <sale>
        <car make="Nissan" model="Altima" travelled-distance="2147483647"/>
        <customer-name>Lino Subia</customer-name>
        <discount>0.15</discount>
        <price>1700.63</price>
        <price-with-discount>1445.5355</price-with-discount>
    </sale>
    <sale>
        <car make="Opel" model="Corsa" travelled-distance="21474847"/>
        <customer-name>Oren Perlman</customer-name>
        <discount>0.05</discount>
        <price>191.48</price>
        <price-with-discount>181.9060</price-with-discount>
    </sale>
    <sale>
        <car make="Chevy" model="Cruze" travelled-distance="9223372034775807"/>
        <customer-name>Audrea Cardinal</customer-name>
        <discount>0.5</discount>
        <price>201.33</price>
        <price-with-discount>100.665</price-with-discount>
    </sale>
</sales>
